descriptor,Start,End,Ref,Alt,VEP,Variant Type,Ref_AA,Alt_AA,AA,counts,countries,infection_rate,fatality_rate,counted_countries
1_1_REF=A_ALT=C,1,1,REF=A,ALT=C,intergenic_variant,SNP,,,,1,1,1.687790947006871,2.0710308756537876,{'china': 1}
1_1_REF=A_ALT=CCCCCTTTTCAAGCAGAAGACGGCATACGAGATACGAATTCGTGA,1,1,REF=A,ALT=CCCCCTTTTCAAGCAGAAGACGGCATACGAGATACGAATTCGTGA,intergenic_variant,Indel,,,,1,1,1.687790947006871,2.0710308756537876,{'china': 1}
1_1_REF=AA_ALT=-,1,1,REF=AA,ALT=-,intergenic_variant,Deletion,,,,1,1,0.4273253722046725,0.0,{'singapore': 1}
1_1_REF=A_ALT=AAGAGTGCTTA,1,1,REF=A,ALT=AAGAGTGCTTA,intergenic_variant,Indel,,,,1,1,1.687790947006871,2.0710308756537876,{'china': 1}
1_2_REF=AAT_ALT=-,1,2,REF=AAT,ALT=-,intergenic_variant,Deletion,,,,4,2,0.22149219872987058,0.0,"{'singapore': 2, 'germany': 2}"
1_8_REF=AATTAAAGG_ALT=-,1,8,REF=AATTAAAGG,ALT=-,intergenic_variant,Deletion,,,,1,1,0.4273253722046725,0.0,{'singapore': 1}
1_10_REF=AATTAAAGGTT_ALT=-,1,10,REF=AATTAAAGGTT,ALT=-,intergenic_variant,Deletion,,,,2,2,0.8517249861309698,1.0355154378268938,"{'germany': 1, 'china': 1}"
1_11_REF=AATTAAAGGTTT_ALT=-,1,11,REF=AATTAAAGGTTT,ALT=-,intergenic_variant,Deletion,,,,2,2,0.8622623563972922,1.0355154378268938,"{'lithuania': 1, 'china': 1}"
1_13_REF=AATTAAAGGTTTAT_ALT=-,1,13,REF=AATTAAAGGTTTAT,ALT=-,intergenic_variant,Deletion,,,,3,2,1.1365227256548545,1.3806872504358585,"{'china': 2, 'malaysia': 1}"
1_14_REF=AATTAAAGGTTTATA_ALT=-,1,14,REF=AATTAAAGGTTTATA,ALT=-,intergenic_variant,Deletion,,,,1,1,0.018229812594831685,0.0,{'japan': 1}
1_15_REF=AATTAAAGGTTTATAC_ALT=-,1,15,REF=AATTAAAGGTTTATAC,ALT=-,intergenic_variant,Deletion,,,,1,1,0.033158319820342765,0.0,{'south korea': 1}
1_16_REF=AATTAAAGGTTTATACC_ALT=-,1,16,REF=AATTAAAGGTTTATACC,ALT=-,intergenic_variant,Deletion,,,,1,1,0.033158319820342765,0.0,{'south korea': 1}
1_19_REF=AATTAAAGGTTTATACCTTC_ALT=-,1,19,REF=AATTAAAGGTTTATACCTTC,ALT=-,intergenic_variant,Deletion,,,,2,1,1.687790947006871,2.0710308756537876,{'china': 2}
1_20_REF=AATTAAAGGTTTATACCTTCC_ALT=-,1,20,REF=AATTAAAGGTTTATACCTTCC,ALT=-,intergenic_variant,Deletion,,,,1,1,0.011553292855986703,0.0,{'israel': 1}
1_22_REF=AATTAAAGGTTTATACCTTCCCA_ALT=-,1,22,REF=AATTAAAGGTTTATACCTTCCCA,ALT=-,intergenic_variant,Deletion,,,,1,1,1.687790947006871,2.0710308756537876,{'china': 1}
1_24_REF=AATTAAAGGTTTATACCTTCCCAGG_ALT=-,1,24,REF=AATTAAAGGTTTATACCTTCCCAGG,ALT=-,intergenic_variant,Deletion,,,,6,1,1.687790947006871,2.0710308756537876,{'china': 6}
1_25_REF=AATTAAAGGTTTATACCTTCCCAGGT_ALT=-,1,25,REF=AATTAAAGGTTTATACCTTCCCAGGT,ALT=-,intergenic_variant,Deletion,,,,2,1,0.004970095679808942,0.0,{'italy': 2}
1_28_REF=AATTAAAGGTTTATACCTTCCCAGGTAAC_ALT=-,1,28,REF=AATTAAAGGTTTATACCTTCCCAGGTAAC,ALT=-,intergenic_variant,Deletion,,,,1,1,0.033158319820342765,0.0,{'south korea': 1}
1_30_REF=AATTAAAGGTTTATACCTTCCCAGGTAACAA_ALT=-,1,30,REF=AATTAAAGGTTTATACCTTCCCAGGTAACAA,ALT=-,intergenic_variant,Deletion,,,,15,2,1.5764868713794018,1.9329621506102017,"{'china': 14, 'japan': 1}"
1_31_REF=AATTAAAGGTTTATACCTTCCCAGGTAACAAA_ALT=-,1,31,REF=AATTAAAGGTTTATACCTTCCCAGGTAACAAA,ALT=-,intergenic_variant,Deletion,,,,5,1,1.6877909470068713,2.0710308756537876,{'china': 5}
1_33_REF=AATTAAAGGTTTATACCTTCCCAGGTAACAAACC_ALT=-,1,33,REF=AATTAAAGGTTTATACCTTCCCAGGTAACAAACC,ALT=-,intergenic_variant,Deletion,,,,1,1,1.687790947006871,2.0710308756537876,{'china': 1}
1_34_REF=AATTAAAGGTTTATACCTTCCCAGGTAACAAACCA_ALT=-,1,34,REF=AATTAAAGGTTTATACCTTCCCAGGTAACAAACCA,ALT=-,intergenic_variant,Deletion,,,,2,2,0.8530103798008514,1.0355154378268938,"{'japan': 1, 'china': 1}"
1_35_REF=AATTAAAGGTTTATACCTTCCCAGGTAACAAACCAA_ALT=-,1,35,REF=AATTAAAGGTTTATACCTTCCCAGGTAACAAACCAA,ALT=-,intergenic_variant,Deletion,,,,1,1,0.018229812594831685,0.0,{'japan': 1}
1_36_REF=AATTAAAGGTTTATACCTTCCCAGGTAACAAACCAAC_ALT=-,1,36,REF=AATTAAAGGTTTATACCTTCCCAGGTAACAAACCAAC,ALT=-,intergenic_variant,Deletion,,,,2,2,0.0366093354351006,0.0,"{'japan': 1, 'australia': 1}"
1_37_REF=AATTAAAGGTTTATACCTTCCCAGGTAACAAACCAACC_ALT=-,1,37,REF=AATTAAAGGTTTATACCTTCCCAGGTAACAAACCAACC,ALT=-,intergenic_variant,Deletion,,,,2,1,0.03724929540808738,0.0,{'thailand': 2}
1_38_REF=AATTAAAGGTTTATACCTTCCCAGGTAACAAACCAACCA_ALT=-,1,38,REF=AATTAAAGGTTTATACCTTCCCAGGTAACAAACCAACCA,ALT=-,intergenic_variant,Deletion,,,,1,1,0.4273253722046725,0.0,{'singapore': 1}
1_39_REF=AATTAAAGGTTTATACCTTCCCAGGTAACAAACCAACCAA_ALT=-,1,39,REF=AATTAAAGGTTTATACCTTCCCAGGTAACAAACCAACCAA,ALT=-,intergenic_variant,Deletion,,,,1,1,0.018229812594831685,0.0,{'japan': 1}
1_53_REF=AATTAAAGGTTTATACCTTCCCAGGTAACAAACCAACCAACTTTCGATCTCTTG_ALT=-,1,53,REF=AATTAAAGGTTTATACCTTCCCAGGTAACAAACCAACCAACTTTCGATCTCTTG,ALT=-,intergenic_variant,Deletion,,,,1,1,0.015659025255068657,0.0,{'germany': 1}
1_54_REF=AATTAAAGGTTTATACCTTCCCAGGTAACAAACCAACCAACTTTCGATCTCTTGT_ALT=-,1,54,REF=AATTAAAGGTTTATACCTTCCCAGGTAACAAACCAACCAACTTTCGATCTCTTGT,ALT=-,intergenic_variant,Deletion,,,,24,4,0.5722078271618126,0.6903436252179292,"{'china': 8, 'japan': 10, 'germany': 2, 'spain': 4}"
1_76_REF=AATTAAAGGTTTATACCTTCCCAGGTAACAAACCAACCAACTTTCGATCTCTTGTAGATCTGTTCTCTAAACGAACT_ALT=-,1,76,REF=AATTAAAGGTTTATACCTTCCCAGGTAACAAACCAACCAACTTTCGATCTCTTGTAGATCTGTTCTCTAAACGAACT,ALT=-,intergenic_variant,Deletion,,,,1,1,0.018229812594831685,0.0,{'japan': 1}
1_77_REF=AATTAAAGGTTTATACCTTCCCAGGTAACAAACCAACCAACTTTCGATCTCTTGTAGATCTGTTCTCTAAACGAACTT_ALT=-,1,77,REF=AATTAAAGGTTTATACCTTCCCAGGTAACAAACCAACCAACTTTCGATCTCTTGTAGATCTGTTCTCTAAACGAACTT,ALT=-,intergenic_variant,Deletion,,,,9,1,0.018229812594831685,0.0,{'japan': 9}
1_78_REF=AATTAAAGGTTTATACCTTCCCAGGTAACAAACCAACCAACTTTCGATCTCTTGTAGATCTGTTCTCTAAACGAACTTT_ALT=-,1,78,REF=AATTAAAGGTTTATACCTTCCCAGGTAACAAACCAACCAACTTTCGATCTCTTGTAGATCTGTTCTCTAAACGAACTTT,ALT=-,intergenic_variant,Deletion,,,,1,1,0.018229812594831685,0.0,{'japan': 1}
1_98_REF=AATTAAAGGTTTATACCTTCCCAGGTAACAAACCAACCAACTTTCGATCTCTTGTAGATCTGTTCTCTAAACGAACTTTAAAATCTGTGTGGCTGTCAC_ALT=-,1,98,REF=AATTAAAGGTTTATACCTTCCCAGGTAACAAACCAACCAACTTTCGATCTCTTGTAGATCTGTTCTCTAAACGAACTTTAAAATCTGTGTGGCTGTCAC,ALT=-,intergenic_variant,Deletion,,,,1,1,0.033158319820342765,0.0,{'south korea': 1}
1_265_REF=AATTAAAGGTTTATACCTTCCCAGGTAACAAACCAACCAACTTTCGATCTCTTGTAGATCTGTTCTCTAAACGAACTTTAAAATCTGTGTGGCTGTCACTCGGCTGCATGCTTAGTGCACTCACGCAGTATAATTAATAACTAATTACTGTCGTTGACAGGACACGAGTAACTCGTCTATCTTCTGCAGGCTGCTTACGGTTTCGTCCGTGTTGCAGCCGATCATCAGCACATCTAGGTTTCGTCCGGGTGTGACCGAAAGGTAAG_ALT=-,1,265,REF=AATTAAAGGTTTATACCTTCCCAGGTAACAAACCAACCAACTTTCGATCTCTTGTAGATCTGTTCTCTAAACGAACTTTAAAATCTGTGTGGCTGTCACTCGGCTGCATGCTTAGTGCACTCACGCAGTATAATTAATAACTAATTACTGTCGTTGACAGGACACGAGTAACTCGTCTATCTTCTGCAGGCTGCTTACGGTTTCGTCCGTGTTGCAGCCGATCATCAGCACATCTAGGTTTCGTCCGGGTGTGACCGAAAGGTAAG,ALT=-,coding_sequence_variant,Deletion,,,,1,1,0.4273253722046725,0.0,{'singapore': 1}
2_2_REF=T_ALT=A,2,2,REF=T,ALT=A,intergenic_variant,SNP,,,,1,1,1.687790947006871,2.0710308756537876,{'china': 1}
2_2_REF=T_ALT=C,2,2,REF=T,ALT=C,intergenic_variant,SNP,,,,2,1,1.687790947006871,2.0710308756537876,{'china': 2}
3_3_REF=T_ALT=C,3,3,REF=T,ALT=C,intergenic_variant,SNP,,,,1,1,0.033158319820342765,0.0,{'south korea': 1}
3_3_REF=T_ALT=G,3,3,REF=T,ALT=G,intergenic_variant,SNP,,,,1,1,1.687790947006871,2.0710308756537876,{'china': 1}
4_4_REF=A_ALT=C,4,4,REF=A,ALT=C,intergenic_variant,SNP,,,,1,1,1.687790947006871,2.0710308756537876,{'china': 1}
4_4_REF=A_ALT=G,4,4,REF=A,ALT=G,intergenic_variant,SNP,,,,3,2,1.136246737944695,1.3806872504358585,"{'china': 2, 'south korea': 1}"
4_4_REF=A_ALT=R,4,4,REF=A,ALT=R,intergenic_variant,SNP,,,,1,1,0.015659025255068657,0.0,{'germany': 1}
5_5_REF=A_ALT=T,5,5,REF=A,ALT=T,intergenic_variant,SNP,,,,1,1,1.687790947006871,2.0710308756537876,{'china': 1}
5_5_REF=A_ALT=G,5,5,REF=A,ALT=G,intergenic_variant,SNP,,,,1,1,1.687790947006871,2.0710308756537876,{'china': 1}
6_6_REF=A_ALT=AAGTTGGTT,6,6,REF=A,ALT=AAGTTGGTT,intergenic_variant,Insertion,,,,1,1,0.033158319820342765,0.0,{'south korea': 1}
6_6_REF=A_ALT=AGTTCAGACGTGTGCTCTTCC,6,6,REF=A,ALT=AGTTCAGACGTGTGCTCTTCC,intergenic_variant,Insertion,,,,1,1,1.687790947006871,2.0710308756537876,{'china': 1}
7_7_REF=G_ALT=A,7,7,REF=G,ALT=A,intergenic_variant,SNP,,,,1,1,1.687790947006871,2.0710308756537876,{'china': 1}
8_8_REF=G_ALT=A,8,8,REF=G,ALT=A,intergenic_variant,SNP,,,,1,1,1.687790947006871,2.0710308756537876,{'china': 1}
8_8_REF=G_ALT=T,8,8,REF=G,ALT=T,intergenic_variant,SNP,,,,1,1,1.687790947006871,2.0710308756537876,{'china': 1}
9_9_REF=T_ALT=TTTAATCAGCACGAAGTTCTACTTGCACCA,9,9,REF=T,ALT=TTTAATCAGCACGAAGTTCTACTTGCACCA,intergenic_variant,Insertion,,,,1,1,1.687790947006871,2.0710308756537876,{'china': 1}
10_10_REF=T_ALT=C,10,10,REF=T,ALT=C,intergenic_variant,SNP,,,,1,1,1.687790947006871,2.0710308756537876,{'china': 1}
16_16_REF=C_ALT=T,16,16,REF=C,ALT=T,intergenic_variant,SNP,,,,1,1,0.033158319820342765,0.0,{'south korea': 1}
21_21_REF=C_ALT=G,21,21,REF=C,ALT=G,intergenic_variant,SNP,,,,1,1,0.011553292855986703,0.0,{'israel': 1}
22_22_REF=A_ALT=G,22,22,REF=A,ALT=G,intergenic_variant,SNP,,,,1,1,0.011553292855986703,0.0,{'israel': 1}
49_49_REF=T_ALT=A,49,49,REF=T,ALT=A,intergenic_variant,SNP,,,,1,1,1.687790947006871,2.0710308756537876,{'china': 1}
54_54_REF=T_ALT=A,54,54,REF=T,ALT=A,intergenic_variant,SNP,,,,1,1,1.687790947006871,2.0710308756537876,{'china': 1}
61_61_REF=G_ALT=T,61,61,REF=G,ALT=T,intergenic_variant,SNP,,,,1,1,1.687790947006871,2.0710308756537876,{'china': 1}
173_173_REF=C_ALT=T,173,173,REF=C,ALT=T,upstream_gene_variant,SNP,,,,2,1,1.687790947006871,2.0710308756537876,{'china': 2}
187_187_REF=A_ALT=G,187,187,REF=A,ALT=G,upstream_gene_variant,SNP,,,,1,1,0.013194532829488662,0.0,{'canada': 1}
207_207_REF=C_ALT=T,207,207,REF=C,ALT=T,upstream_gene_variant,SNP,,,,3,1,1.687790947006871,2.0710308756537876,{'china': 3}
237_237_REF=G_ALT=T,237,237,REF=G,ALT=T,upstream_gene_variant,SNP,,,,1,1,1.687790947006871,2.0710308756537876,{'china': 1}
241_241_REF=C_ALT=T,241,241,REF=C,ALT=T,upstream_gene_variant,SNP,,,,19,7,0.10103522221767407,0.10900162503440987,"{'lithuania': 1, 'germany': 9, 'canada': 1, 'japan': 1, 'spain': 4, 'china': 1, 'saudi arabia': 2}"
499_532_REF=TGCACCTCATGGTCATGTTATGGTTGAGCTGGTA_ALT=T,499,532,REF=TGCACCTCATGGTCATGTTATGGTTGAGCTGGTA,ALT=T,inframe_deletion,Deletion,,,,6,1,1.687790947006871,2.0710308756537876,{'china': 6}
507_522_REF=ATGGTCATGTTATGGT_ALT=A,507,522,REF=ATGGTCATGTTATGGT,ALT=A,inframe_deletion,Deletion,,,,1,1,0.018229812594831685,0.0,{'japan': 1}
626_626_REF=G_ALT=T,626,626,REF=G,ALT=T,missense_variant,SNP,V,F,121V>F,1,1,1.687790947006871,2.0710308756537876,{'china': 1}
682_682_REF=T_ALT=K,682,682,REF=T,ALT=K,coding_sequence_variant,SNP,,,,1,1,0.015659025255068657,0.0,{'germany': 1}
826_826_REF=T_ALT=C,826,826,REF=T,ALT=C,synonymous_variant,SNP,D,,187D,1,1,0.0028724186256011146,0.0,{'saudi arabia': 1}
845_845_REF=G_ALT=T,845,845,REF=G,ALT=T,missense_variant,SNP,D,Y,194D>Y,1,1,1.687790947006871,2.0710308756537876,{'china': 1}
871_871_REF=A_ALT=G,871,871,REF=A,ALT=G,synonymous_variant,SNP,K,,202K,1,1,1.687790947006871,2.0710308756537876,{'china': 1}
884_884_REF=C_ALT=T,884,884,REF=C,ALT=T,missense_variant,SNP,R,C,207R>C,1,1,0.015659025255068657,0.0,{'germany': 1}
946_946_REF=T_ALT=C,946,946,REF=T,ALT=C,synonymous_variant,SNP,G,,227G,3,1,1.687790947006871,2.0710308756537876,{'china': 3}
1059_1059_REF=C_ALT=T,1059,1059,REF=C,ALT=T,missense_variant,SNP,T,I,265T>I,1,1,0.018229812594831685,0.0,{'japan': 1}
1063_1063_REF=C_ALT=T,1063,1063,REF=C,ALT=T,synonymous_variant,SNP,F,,266F,1,1,0.004261024842520511,0.0,{'spain': 1}
1086_1087_REF=TA_ALT=T,1086,1087,REF=TA,ALT=T,frameshift_variant,Deletion,,,,1,1,1.687790947006871,2.0710308756537876,{'china': 1}
1150_1150_REF=C_ALT=T,1150,1150,REF=C,ALT=T,synonymous_variant,SNP,G,,295G,1,1,0.03724929540808738,0.0,{'thailand': 1}
1190_1190_REF=C_ALT=T,1190,1190,REF=C,ALT=T,missense_variant,SNP,P,S,309P>S,1,1,0.010273503861560602,0.0,{'france': 1}
1218_1218_REF=C_ALT=T,1218,1218,REF=C,ALT=T,missense_variant,SNP,S,L,318S>L,1,1,0.0028724186256011146,0.0,{'saudi arabia': 1}
1405_1405_REF=T_ALT=C,1405,1405,REF=T,ALT=C,synonymous_variant,SNP,P,,380P,1,1,1.687790947006871,2.0710308756537876,{'china': 1}
1440_1440_REF=G_ALT=A,1440,1440,REF=G,ALT=A,missense_variant,SNP,G,D,392G>D,1,1,0.015659025255068657,0.0,{'germany': 1}
1458_1458_REF=G_ALT=T,1458,1458,REF=G,ALT=T,missense_variant,SNP,R,L,398R>L,3,1,0.018229812594831685,0.0,{'japan': 3}
1495_1495_REF=G_ALT=T,1495,1495,REF=G,ALT=T,synonymous_variant,SNP,V,,410V,1,1,1.687790947006871,2.0710308756537876,{'china': 1}
1566_1566_REF=A_ALT=C,1566,1566,REF=A,ALT=C,missense_variant,SNP,N,T,434N>T,1,1,1.687790947006871,2.0710308756537876,{'china': 1}
1616_1616_REF=C_ALT=T,1616,1616,REF=C,ALT=T,missense_variant,SNP,L,F,451L>F,1,1,0.013194532829488662,0.0,{'canada': 1}
1780_1780_REF=C_ALT=T,1780,1780,REF=C,ALT=T,synonymous_variant,SNP,S,,505S,1,1,0.4273253722046725,0.0,{'singapore': 1}
1912_1912_REF=C_ALT=T,1912,1912,REF=C,ALT=T,synonymous_variant,SNP,S,,549S,2,1,1.687790947006871,2.0710308756537876,{'china': 2}
1997_1997_REF=C_ALT=T,1997,1997,REF=C,ALT=T,synonymous_variant,SNP,L,,578L,2,1,0.018229812594831685,0.0,{'japan': 2}
2229_2229_REF=G_ALT=A,2229,2229,REF=G,ALT=A,missense_variant,SNP,C,Y,655C>Y,1,1,1.687790947006871,2.0710308756537876,{'china': 1}
2269_2269_REF=A_ALT=T,2269,2269,REF=A,ALT=T,synonymous_variant,SNP,A,,668A,1,1,0.004970095679808942,0.0,{'italy': 1}
2293_2293_REF=G_ALT=T,2293,2293,REF=G,ALT=T,missense_variant,SNP,Q,H,676Q>H,1,1,1.687790947006871,2.0710308756537876,{'china': 1}
2574_2574_REF=C_ALT=T,2574,2574,REF=C,ALT=T,missense_variant,SNP,T,I,770T>I,1,1,1.687790947006871,2.0710308756537876,{'china': 1}
2662_2662_REF=C_ALT=T,2662,2662,REF=C,ALT=T,synonymous_variant,SNP,Y,,799Y,2,1,0.018229812594831685,0.0,{'japan': 2}
2891_2891_REF=G_ALT=A,2891,2891,REF=G,ALT=A,missense_variant,SNP,A,T,876A>T,1,1,0.015659025255068657,0.0,{'germany': 1}
3013_3013_REF=G_ALT=T,3013,3013,REF=G,ALT=T,missense_variant,SNP,L,F,916L>F,1,1,1.687790947006871,2.0710308756537876,{'china': 1}
3027_3027_REF=A_ALT=G,3027,3027,REF=A,ALT=G,missense_variant,SNP,Y,C,921Y>C,1,1,1.687790947006871,2.0710308756537876,{'china': 1}
3037_3037_REF=C_ALT=T,3037,3037,REF=C,ALT=T,synonymous_variant,SNP,F,,924F,19,7,0.10103522221767407,0.10900162503440987,"{'lithuania': 1, 'germany': 9, 'canada': 1, 'japan': 1, 'spain': 4, 'china': 1, 'saudi arabia': 2}"
3086_3086_REF=T_ALT=C,3086,3086,REF=T,ALT=C,missense_variant,SNP,F,L,941F>L,1,1,0.033158319820342765,0.0,{'south korea': 1}
3179_3179_REF=G_ALT=A,3179,3179,REF=G,ALT=A,missense_variant,SNP,E,K,972E>K,1,1,0.018229812594831685,0.0,{'japan': 1}
3251_3251_REF=G_ALT=A,3251,3251,REF=G,ALT=A,missense_variant,SNP,D,N,996D>N,1,1,0.018229812594831685,0.0,{'japan': 1}
3375_3375_REF=A_ALT=C,3375,3375,REF=A,ALT=C,missense_variant,SNP,N,T,1037N>T,1,1,1.687790947006871,2.0710308756537876,{'china': 1}
3517_3517_REF=A_ALT=G,3517,3517,REF=A,ALT=G,synonymous_variant,SNP,Q,,1084Q,1,1,1.687790947006871,2.0710308756537876,{'china': 1}
3518_3518_REF=G_ALT=T,3518,3518,REF=G,ALT=T,missense_variant,SNP,V,F,1085V>F,1,1,0.015659025255068657,0.0,{'germany': 1}
3717_3717_REF=C_ALT=T,3717,3717,REF=C,ALT=T,missense_variant,SNP,A,V,1151A>V,2,1,1.687790947006871,2.0710308756537876,{'china': 2}
3768_3768_REF=C_ALT=T,3768,3768,REF=C,ALT=T,missense_variant,SNP,T,I,1168T>I,1,1,1.687790947006871,2.0710308756537876,{'china': 1}
3787_3787_REF=C_ALT=T,3787,3787,REF=C,ALT=T,synonymous_variant,SNP,Y,,1174Y,1,1,1.687790947006871,2.0710308756537876,{'china': 1}
3792_3792_REF=C_ALT=T,3792,3792,REF=C,ALT=T,missense_variant,SNP,A,V,1176A>V,2,1,0.018229812594831685,0.0,{'japan': 2}
3885_3885_REF=C_ALT=A,3885,3885,REF=C,ALT=A,missense_variant,SNP,P,H,1207P>H,2,1,1.687790947006871,2.0710308756537876,{'china': 2}
4276_4276_REF=C_ALT=T,4276,4276,REF=C,ALT=T,synonymous_variant,SNP,Y,,1337Y,1,1,0.033158319820342765,0.0,{'south korea': 1}
4351_4351_REF=T_ALT=C,4351,4351,REF=T,ALT=C,synonymous_variant,SNP,N,,1362N,1,1,0.018229812594831685,0.0,{'japan': 1}
4402_4402_REF=T_ALT=C,4402,4402,REF=T,ALT=C,synonymous_variant,SNP,L,,1379L,1,1,0.033158319820342765,0.0,{'south korea': 1}
4550_4550_REF=A_ALT=G,4550,4550,REF=A,ALT=G,missense_variant,SNP,T,A,1429T>A,1,1,1.687790947006871,2.0710308756537876,{'china': 1}
4655_4655_REF=C_ALT=T,4655,4655,REF=C,ALT=T,missense_variant,SNP,R,W,1464R>W,1,1,1.687790947006871,2.0710308756537876,{'china': 1}
5008_5008_REF=G_ALT=T,5008,5008,REF=G,ALT=T,synonymous_variant,SNP,T,,1581T,3,1,0.018229812594831685,0.0,{'japan': 3}
5062_5062_REF=G_ALT=T,5062,5062,REF=G,ALT=T,missense_variant,SNP,L,F,1599L>F,1,1,0.033158319820342765,0.0,{'south korea': 1}
5173_5173_REF=C_ALT=T,5173,5173,REF=C,ALT=T,synonymous_variant,SNP,H,,1636H,1,1,0.0028724186256011146,0.0,{'saudi arabia': 1}
5239_5239_REF=C_ALT=T,5239,5239,REF=C,ALT=T,synonymous_variant,SNP,Y,,1658Y,1,1,1.687790947006871,2.0710308756537876,{'china': 1}
5277_5277_REF=A_ALT=G,5277,5277,REF=A,ALT=G,missense_variant,SNP,D,G,1671D>G,1,1,0.0028724186256011146,0.0,{'saudi arabia': 1}
5714_5714_REF=A_ALT=G,5714,5714,REF=A,ALT=G,missense_variant,SNP,K,E,1817K>E,1,1,0.015659025255068657,0.0,{'germany': 1}
6025_6025_REF=T_ALT=C,6025,6025,REF=T,ALT=C,synonymous_variant,SNP,Y,,1920Y,1,1,0.033986282950821324,0.0,{'malaysia': 1}
6026_6026_REF=C_ALT=T,6026,6026,REF=C,ALT=T,missense_variant,SNP,P,S,1921P>S,1,1,1.687790947006871,2.0710308756537876,{'china': 1}
6228_6228_REF=A_ALT=G,6228,6228,REF=A,ALT=G,missense_variant,SNP,K,R,1988K>R,2,1,0.015659025255068657,0.0,{'germany': 2}
6255_6255_REF=C_ALT=T,6255,6255,REF=C,ALT=T,missense_variant,SNP,A,V,1997A>V,1,1,0.033158319820342765,0.0,{'south korea': 1}
6266_6266_REF=G_ALT=A,6266,6266,REF=G,ALT=A,missense_variant,SNP,A,T,2001A>T,1,1,1.687790947006871,2.0710308756537876,{'china': 1}
6286_6286_REF=C_ALT=T,6286,6286,REF=C,ALT=T,synonymous_variant,SNP,T,,2007T,1,1,0.004261024842520511,0.0,{'spain': 1}
6348_6348_REF=T_ALT=C,6348,6348,REF=T,ALT=C,missense_variant,SNP,L,P,2028L>P,1,1,1.687790947006871,2.0710308756537876,{'china': 1}
6362_6362_REF=G_ALT=A,6362,6362,REF=G,ALT=A,missense_variant,SNP,A,T,2033A>T,1,1,0.015659025255068657,0.0,{'germany': 1}
6363_6363_REF=C_ALT=T,6363,6363,REF=C,ALT=T,missense_variant,SNP,A,V,2033A>V,1,1,1.687790947006871,2.0710308756537876,{'china': 1}
6446_6446_REF=G_ALT=A,6446,6446,REF=G,ALT=A,missense_variant,SNP,V,I,2061V>I,4,1,0.015659025255068657,0.0,{'germany': 4}
6501_6501_REF=C_ALT=T,6501,6501,REF=C,ALT=T,missense_variant,SNP,P,L,2079P>L,1,1,1.687790947006871,2.0710308756537876,{'china': 1}
6552_6552_REF=T_ALT=G,6552,6552,REF=T,ALT=G,missense_variant,SNP,M,R,2096M>R,1,1,1.687790947006871,2.0710308756537876,{'china': 1}
6561_6561_REF=A_ALT=G,6561,6561,REF=A,ALT=G,missense_variant,SNP,Y,C,2099Y>C,1,1,0.018229812594831685,0.0,{'japan': 1}
6982_6982_REF=C_ALT=T,6982,6982,REF=C,ALT=T,synonymous_variant,SNP,C,,2239C,1,1,0.018229812594831685,0.0,{'japan': 1}
7153_7153_REF=T_ALT=C,7153,7153,REF=T,ALT=C,synonymous_variant,SNP,D,,2296D,1,1,0.018229812594831685,0.0,{'japan': 1}
7788_7788_REF=C_ALT=Y,7788,7788,REF=C,ALT=Y,coding_sequence_variant,SNP,,,,1,1,0.015659025255068657,0.0,{'germany': 1}
8022_8022_REF=T_ALT=G,8022,8022,REF=T,ALT=G,missense_variant,SNP,V,G,2586V>G,1,1,1.687790947006871,2.0710308756537876,{'china': 1}
8031_8031_REF=A_ALT=G,8031,8031,REF=A,ALT=G,missense_variant,SNP,K,R,2589K>R,1,1,0.0028724186256011146,0.0,{'saudi arabia': 1}
8281_8281_REF=C_ALT=T,8281,8281,REF=C,ALT=T,synonymous_variant,SNP,N,,2672N,1,1,1.687790947006871,2.0710308756537876,{'china': 1}
8388_8388_REF=A_ALT=T,8388,8388,REF=A,ALT=T,missense_variant,SNP,N,I,2708N>I,1,1,0.03724929540808738,0.0,{'thailand': 1}
8651_8651_REF=A_ALT=C,8651,8651,REF=A,ALT=C,missense_variant,SNP,M,L,2796M>L,1,1,0.054988858275369513,0.0,{'australia': 1}
8782_8782_REF=C_ALT=T,8782,8782,REF=C,ALT=T,synonymous_variant,SNP,S,,2839S,36,8,0.9248902674924747,1.0930440732617213,"{'china': 19, 'japan': 8, 'thailand': 1, 'south korea': 2, 'singapore': 2, 'belgium': 2, 'malaysia': 1, 'australia': 1}"
8987_8987_REF=T_ALT=C,8987,8987,REF=T,ALT=C,missense_variant,SNP,F,L,2908F>L,1,1,0.03724929540808738,0.0,{'thailand': 1}
9019_9019_REF=A_ALT=R,9019,9019,REF=A,ALT=R,coding_sequence_variant,SNP,,,,1,1,0.015659025255068657,0.0,{'germany': 1}
9093_9093_REF=T_ALT=C,9093,9093,REF=T,ALT=C,missense_variant,SNP,V,A,2943V>A,1,1,0.018229812594831685,0.0,{'japan': 1}
9370_9370_REF=T_ALT=G,9370,9370,REF=T,ALT=G,missense_variant,SNP,I,M,3035I>M,1,1,1.687790947006871,2.0710308756537876,{'china': 1}
9437_9437_REF=A_ALT=T,9437,9437,REF=A,ALT=T,missense_variant,SNP,T,S,3058T>S,1,1,1.687790947006871,2.0710308756537876,{'china': 1}
9438_9438_REF=C_ALT=T,9438,9438,REF=C,ALT=T,missense_variant,SNP,T,I,3058T>I,1,1,0.010273503861560602,0.0,{'france': 1}
9442_9442_REF=C_ALT=T,9442,9442,REF=C,ALT=T,synonymous_variant,SNP,C,,3059C,2,1,1.687790947006871,2.0710308756537876,{'china': 2}
9477_9477_REF=T_ALT=A,9477,9477,REF=T,ALT=A,missense_variant,SNP,F,Y,3071F>Y,1,1,1.687790947006871,2.0710308756537876,{'china': 1}
9802_9802_REF=G_ALT=T,9802,9802,REF=G,ALT=T,synonymous_variant,SNP,A,,3179A,1,1,1.687790947006871,2.0710308756537876,{'china': 1}
9890_9890_REF=G_ALT=T,9890,9890,REF=G,ALT=T,missense_variant,SNP,A,S,3209A>S,1,1,1.687790947006871,2.0710308756537876,{'china': 1}
9967_9967_REF=C_ALT=T,9967,9967,REF=C,ALT=T,synonymous_variant,SNP,L,,3234L,1,1,1.687790947006871,2.0710308756537876,{'china': 1}
10012_10012_REF=T_ALT=C,10012,10012,REF=T,ALT=C,synonymous_variant,SNP,L,,3249L,1,1,0.004261024842520511,0.0,{'spain': 1}
10138_10138_REF=C_ALT=T,10138,10138,REF=C,ALT=T,synonymous_variant,SNP,N,,3291N,2,1,0.4273253722046725,0.0,{'singapore': 2}
10524_10524_REF=T_ALT=C,10524,10524,REF=T,ALT=C,missense_variant,SNP,V,A,3420V>A,1,1,0.015659025255068657,0.0,{'germany': 1}
11083_11083_REF=G_ALT=T,11083,11083,REF=G,ALT=T,missense_variant,SNP,L,F,3606L>F,14,7,0.2840865321203509,0.2958615536648268,"{'singapore': 1, 'china': 2, 'israel': 1, 'japan': 6, 'south korea': 1, 'france': 1, 'italy': 2}"
11430_11430_REF=A_ALT=G,11430,11430,REF=A,ALT=G,missense_variant,SNP,Y,C,3722Y>C,3,1,1.687790947006871,2.0710308756537876,{'china': 3}
11566_11566_REF=T_ALT=A,11566,11566,REF=T,ALT=A,synonymous_variant,SNP,P,,3767P,1,1,1.687790947006871,2.0710308756537876,{'china': 1}
11752_11752_REF=C_ALT=T,11752,11752,REF=C,ALT=T,synonymous_variant,SNP,L,,3829L,10,1,0.018229812594831685,0.0,{'japan': 10}
11782_11782_REF=A_ALT=G,11782,11782,REF=A,ALT=G,synonymous_variant,SNP,K,,3839K,1,1,1.687790947006871,2.0710308756537876,{'china': 1}
11962_11962_REF=C_ALT=T,11962,11962,REF=C,ALT=T,synonymous_variant,SNP,L,,3899L,1,1,1.687790947006871,2.0710308756537876,{'china': 1}
12473_12473_REF=C_ALT=T,12473,12473,REF=C,ALT=T,synonymous_variant,SNP,L,,4070L,3,1,1.687790947006871,2.0710308756537876,{'china': 3}
12704_12704_REF=G_ALT=T,12704,12704,REF=G,ALT=T,missense_variant,SNP,V,F,4147V>F,1,1,0.015659025255068657,0.0,{'germany': 1}
12778_12778_REF=C_ALT=T,12778,12778,REF=C,ALT=T,synonymous_variant,SNP,Y,,4171Y,2,1,1.687790947006871,2.0710308756537876,{'china': 2}
12797_12797_REF=G_ALT=A,12797,12797,REF=G,ALT=A,missense_variant,SNP,G,S,4178G>S,1,1,0.015659025255068657,0.0,{'germany': 1}
12896_12896_REF=C_ALT=T,12896,12896,REF=C,ALT=T,missense_variant,SNP,P,S,4211P>S,2,1,1.687790947006871,2.0710308756537876,{'china': 2}
13243_13243_REF=T_ALT=C,13243,13243,REF=T,ALT=C,synonymous_variant,SNP,C,,4326C,4,1,1.687790947006871,2.0710308756537876,{'china': 4}
13270_13270_REF=T_ALT=C,13270,13270,REF=T,ALT=C,synonymous_variant,SNP,D,,4335D,2,1,1.687790947006871,2.0710308756537876,{'china': 2}
13555_13555_REF=A_ALT=T,13555,13555,REF=A,ALT=T,missense_variant,SNP,N,Y,4431N>Y,1,1,1.687790947006871,2.0710308756537876,{'china': 1}
13665_13665_REF=C_ALT=T,13665,13665,REF=C,ALT=T,synonymous_variant,SNP,H,,4467H,1,1,0.03724929540808738,0.0,{'thailand': 1}
13679_13679_REF=A_ALT=G,13679,13679,REF=A,ALT=G,missense_variant,SNP,Y,C,4472Y>C,1,1,0.4273253722046725,0.0,{'singapore': 1}
13821_13821_REF=C_ALT=T,13821,13821,REF=C,ALT=T,synonymous_variant,SNP,L,,4519L,1,1,1.687790947006871,2.0710308756537876,{'china': 1}
13929_13929_REF=T_ALT=C,13929,13929,REF=T,ALT=C,synonymous_variant,SNP,Y,,4555Y,1,1,1.687790947006871,2.0710308756537876,{'china': 1}
14408_14408_REF=C_ALT=T,14408,14408,REF=C,ALT=T,missense_variant,SNP,P,L,4715P>L,14,7,0.13152672113289027,0.1479307768324134,"{'lithuania': 1, 'germany': 4, 'canada': 1, 'japan': 1, 'spain': 4, 'china': 1, 'saudi arabia': 2}"
14451_14451_REF=T_ALT=G,14451,14451,REF=T,ALT=G,synonymous_variant,SNP,G,,4729G,1,1,1.687790947006871,2.0710308756537876,{'china': 1}
14676_14676_REF=C_ALT=T,14676,14676,REF=C,ALT=T,synonymous_variant,SNP,P,,4804P,1,1,1.687790947006871,2.0710308756537876,{'china': 1}
14823_14823_REF=A_ALT=T,14823,14823,REF=A,ALT=T,synonymous_variant,SNP,P,,4853P,1,1,1.687790947006871,2.0710308756537876,{'china': 1}
14863_14863_REF=G_ALT=A,14863,14863,REF=G,ALT=A,missense_variant,SNP,V,I,4867V>I,1,1,0.004261024842520511,0.0,{'spain': 1}
14864_14866_REF=TTG_ALT=T,14864,14866,REF=TTG,ALT=T,frameshift_variant,Deletion,,,,1,1,1.687790947006871,2.0710308756537876,{'china': 1}
15152_15152_REF=T_ALT=Y,15152,15152,REF=T,ALT=Y,coding_sequence_variant,SNP,,,,1,1,0.015659025255068657,0.0,{'germany': 1}
15257_15257_REF=A_ALT=G,15257,15257,REF=A,ALT=G,missense_variant,SNP,Y,C,4998Y>C,1,1,0.0028724186256011146,0.0,{'saudi arabia': 1}
15324_15324_REF=C_ALT=T,15324,15324,REF=C,ALT=T,synonymous_variant,SNP,N,,5020N,3,2,1.1304136397562703,1.3806872504358585,"{'china': 2, 'germany': 1}"
15327_15327_REF=G_ALT=T,15327,15327,REF=G,ALT=T,missense_variant,SNP,M,I,5021M>I,1,1,1.687790947006871,2.0710308756537876,{'china': 1}
15480_15480_REF=C_ALT=T,15480,15480,REF=C,ALT=T,synonymous_variant,SNP,T,,5072T,1,1,1.687790947006871,2.0710308756537876,{'china': 1}
16114_16114_REF=C_ALT=T,16114,16114,REF=C,ALT=T,missense_variant,SNP,H,Y,5284H>Y,1,1,1.687790947006871,2.0710308756537876,{'china': 1}
16289_16289_REF=C_ALT=Y,16289,16289,REF=C,ALT=Y,coding_sequence_variant,SNP,,,,1,1,0.015659025255068657,0.0,{'germany': 1}
16293_16293_REF=C_ALT=T,16293,16293,REF=C,ALT=T,synonymous_variant,SNP,C,,5343C,1,1,1.687790947006871,2.0710308756537876,{'china': 1}
16381_16381_REF=G_ALT=A,16381,16381,REF=G,ALT=A,missense_variant,SNP,V,I,5373V>I,3,1,0.018229812594831685,0.0,{'japan': 3}
16474_16474_REF=A_ALT=G,16474,16474,REF=A,ALT=G,missense_variant,SNP,S,G,5404S>G,1,1,1.687790947006871,2.0710308756537876,{'china': 1}
16824_16824_REF=A_ALT=G,16824,16824,REF=A,ALT=G,synonymous_variant,SNP,G,,5520G,2,1,1.687790947006871,2.0710308756537876,{'china': 2}
16841_16841_REF=A_ALT=G,16841,16841,REF=A,ALT=G,missense_variant,SNP,K,R,5526K>R,1,1,1.687790947006871,2.0710308756537876,{'china': 1}
16887_16887_REF=C_ALT=T,16887,16887,REF=C,ALT=T,synonymous_variant,SNP,Y,,5541Y,1,1,1.687790947006871,2.0710308756537876,{'china': 1}
17122_17122_REF=G_ALT=A,17122,17122,REF=G,ALT=A,missense_variant,SNP,A,T,5620A>T,1,1,0.033158319820342765,0.0,{'south korea': 1}
17200_17205_REF=TTAAAA_ALT=T,17200,17205,REF=TTAAAA,ALT=T,frameshift_variant,Deletion,,,,1,1,1.687790947006871,2.0710308756537876,{'china': 1}
17373_17373_REF=C_ALT=T,17373,17373,REF=C,ALT=T,synonymous_variant,SNP,A,,5703A,6,2,1.4777133512065046,1.7258590630448232,"{'china': 5, 'singapore': 1}"
17407_17407_REF=T_ALT=C,17407,17407,REF=T,ALT=C,synonymous_variant,SNP,L,,5715L,1,1,1.687790947006871,2.0710308756537876,{'china': 1}
17410_17410_REF=C_ALT=T,17410,17410,REF=C,ALT=T,missense_variant,SNP,R,C,5716R>C,1,1,0.015659025255068657,0.0,{'germany': 1}
17423_17423_REF=A_ALT=G,17423,17423,REF=A,ALT=G,missense_variant,SNP,Y,C,5720Y>C,2,2,0.8517249861309698,1.0355154378268938,"{'germany': 1, 'china': 1}"
17635_17635_REF=A_ALT=R,17635,17635,REF=A,ALT=R,coding_sequence_variant,SNP,,,,1,1,0.015659025255068657,0.0,{'germany': 1}
17877_17877_REF=T_ALT=C,17877,17877,REF=T,ALT=C,synonymous_variant,SNP,T,,5871T,3,1,0.018229812594831685,0.0,{'japan': 3}
18029_18029_REF=C_ALT=T,18029,18029,REF=C,ALT=T,missense_variant,SNP,A,V,5922A>V,1,1,1.687790947006871,2.0710308756537876,{'china': 1}
18060_18060_REF=C_ALT=T,18060,18060,REF=C,ALT=T,synonymous_variant,SNP,L,,5932L,1,1,0.033986282950821324,0.0,{'malaysia': 1}
18108_18109_REF=AC_ALT=A,18108,18109,REF=AC,ALT=A,frameshift_variant,Deletion,,,,3,1,1.687790947006871,2.0710308756537876,{'china': 3}
18110_18110_REF=C_ALT=T,18110,18110,REF=C,ALT=T,missense_variant,SNP,P,L,5949P>L,3,1,1.687790947006871,2.0710308756537876,{'china': 3}
18377_18377_REF=C_ALT=T,18377,18377,REF=C,ALT=T,missense_variant,SNP,T,I,6038T>I,1,1,1.687790947006871,2.0710308756537876,{'china': 1}
18877_18877_REF=C_ALT=T,18877,18877,REF=C,ALT=T,synonymous_variant,SNP,L,,6205L,2,1,0.0028724186256011146,0.0,{'saudi arabia': 2}
18986_18988_REF=TTG_ALT=T,18986,18988,REF=TTG,ALT=T,frameshift_variant,Deletion,,,,1,1,1.687790947006871,2.0710308756537876,{'china': 1}
19164_19164_REF=C_ALT=T,19164,19164,REF=C,ALT=T,synonymous_variant,SNP,D,,6300D,1,1,0.004261024842520511,0.0,{'spain': 1}
19170_19170_REF=C_ALT=A,19170,19170,REF=C,ALT=A,missense_variant,SNP,F,L,6302F>L,8,1,0.018229812594831685,0.0,{'japan': 8}
19269_19269_REF=C_ALT=T,19269,19269,REF=C,ALT=T,synonymous_variant,SNP,N,,6335N,1,1,0.018229812594831685,0.0,{'japan': 1}
19561_19561_REF=T_ALT=A,19561,19561,REF=T,ALT=A,missense_variant,SNP,L,M,6433L>M,1,1,1.687790947006871,2.0710308756537876,{'china': 1}
19945_19945_REF=A_ALT=G,19945,19945,REF=A,ALT=G,missense_variant,SNP,K,E,6561K>E,1,1,1.687790947006871,2.0710308756537876,{'china': 1}
20020_20020_REF=T_ALT=Y,20020,20020,REF=T,ALT=Y,coding_sequence_variant,SNP,,,,1,1,0.015659025255068657,0.0,{'germany': 1}
20268_20268_REF=A_ALT=G,20268,20268,REF=A,ALT=G,synonymous_variant,SNP,L,,6668L,4,1,0.004261024842520511,0.0,{'spain': 4}
20383_20383_REF=G_ALT=T,20383,20383,REF=G,ALT=T,missense_variant,SNP,A,S,6707A>S,1,1,1.687790947006871,2.0710308756537876,{'china': 1}
20527_20527_REF=G_ALT=T,20527,20527,REF=G,ALT=T,missense_variant,SNP,V,F,6755V>F,1,1,1.687790947006871,2.0710308756537876,{'china': 1}
20623_20623_REF=G_ALT=T,20623,20623,REF=G,ALT=T,missense_variant,SNP,D,Y,6787D>Y,1,1,1.687790947006871,2.0710308756537876,{'china': 1}
20635_20636_REF=GA_ALT=G,20635,20636,REF=GA,ALT=G,frameshift_variant,Deletion,,,,1,1,1.687790947006871,2.0710308756537876,{'china': 1}
20692_20692_REF=C_ALT=T,20692,20692,REF=C,ALT=T,missense_variant,SNP,P,S,6810P>S,2,1,1.687790947006871,2.0710308756537876,{'china': 2}
21707_21707_REF=C_ALT=T,21707,21707,REF=C,ALT=T,missense_variant,SNP,H,Y,49H>Y,7,2,1.448914958185185,1.7751693219889606,"{'china': 6, 'germany': 1}"
21711_21711_REF=C_ALT=T,21711,21711,REF=C,ALT=T,missense_variant,SNP,S,L,50S>L,1,1,1.687790947006871,2.0710308756537876,{'china': 1}
21853_21853_REF=G_ALT=A,21853,21853,REF=G,ALT=A,synonymous_variant,SNP,K,,97K,1,1,1.687790947006871,2.0710308756537876,{'china': 1}
21859_21859_REF=C_ALT=T,21859,21859,REF=C,ALT=T,synonymous_variant,SNP,N,,99N,1,1,0.4273253722046725,0.0,{'singapore': 1}
22205_22205_REF=G_ALT=C,22205,22205,REF=G,ALT=C,missense_variant,SNP,D,H,215D>H,1,1,1.687790947006871,2.0710308756537876,{'china': 1}
22303_22303_REF=T_ALT=G,22303,22303,REF=T,ALT=G,missense_variant,SNP,S,R,247S>R,1,1,1.687790947006871,2.0710308756537876,{'china': 1}
22343_22343_REF=G_ALT=C,22343,22343,REF=G,ALT=C,missense_variant,SNP,G,R,261G>R,1,1,1.687790947006871,2.0710308756537876,{'china': 1}
22632_22632_REF=G_ALT=A,22632,22632,REF=G,ALT=A,missense_variant,SNP,R,K,357R>K,1,1,0.018229812594831685,0.0,{'japan': 1}
22787_22787_REF=C_ALT=G,22787,22787,REF=C,ALT=G,missense_variant,SNP,Q,E,409Q>E,1,1,1.687790947006871,2.0710308756537876,{'china': 1}
23086_23086_REF=C_ALT=T,23086,23086,REF=C,ALT=T,synonymous_variant,SNP,Y,,508Y,1,1,0.018229812594831685,0.0,{'japan': 1}
23179_23179_REF=C_ALT=Y,23179,23179,REF=C,ALT=Y,coding_sequence_variant,SNP,,,,1,1,0.015659025255068657,0.0,{'germany': 1}
23235_23235_REF=A_ALT=G,23235,23235,REF=A,ALT=G,missense_variant,SNP,K,R,558K>R,1,1,0.015659025255068657,0.0,{'germany': 1}
23403_23403_REF=A_ALT=G,23403,23403,REF=A,ALT=G,missense_variant,SNP,D,G,614D>G,20,8,0.09784592587719473,0.10355154378268938,"{'lithuania': 1, 'germany': 9, 'canada': 1, 'japan': 1, 'spain': 4, 'china': 1, 'saudi arabia': 2, 'thailand': 1}"
23426_23426_REF=G_ALT=T,23426,23426,REF=G,ALT=T,missense_variant,SNP,V,F,622V>F,1,1,0.0028724186256011146,0.0,{'saudi arabia': 1}
23469_23469_REF=A_ALT=T,23469,23469,REF=A,ALT=T,missense_variant,SNP,Y,F,636Y>F,1,1,1.687790947006871,2.0710308756537876,{'china': 1}
23533_23533_REF=C_ALT=T,23533,23533,REF=C,ALT=T,synonymous_variant,SNP,N,,657N,1,1,1.687790947006871,2.0710308756537876,{'china': 1}
23670_23670_REF=A_ALT=G,23670,23670,REF=A,ALT=G,missense_variant,SNP,N,S,703N>S,1,1,1.687790947006871,2.0710308756537876,{'china': 1}
23893_23893_REF=C_ALT=T,23893,23893,REF=C,ALT=T,synonymous_variant,SNP,N,,777N,2,1,1.687790947006871,2.0710308756537876,{'china': 2}
24034_24034_REF=C_ALT=T,24034,24034,REF=C,ALT=T,synonymous_variant,SNP,N,,824N,4,1,1.687790947006871,2.0710308756537876,{'china': 4}
24099_24099_REF=C_ALT=T,24099,24099,REF=C,ALT=T,missense_variant,SNP,A,V,846A>V,1,1,0.018229812594831685,0.0,{'japan': 1}
24213_24213_REF=C_ALT=T,24213,24213,REF=C,ALT=T,missense_variant,SNP,S,F,884S>F,1,1,1.687790947006871,2.0710308756537876,{'china': 1}
24295_24295_REF=T_ALT=C,24295,24295,REF=T,ALT=C,synonymous_variant,SNP,V,,911V,1,1,0.0028724186256011146,0.0,{'saudi arabia': 1}
24405_24405_REF=T_ALT=G,24405,24405,REF=T,ALT=G,missense_variant,SNP,L,R,948L>R,1,1,1.687790947006871,2.0710308756537876,{'china': 1}
24812_24812_REF=G_ALT=T,24812,24812,REF=G,ALT=T,missense_variant,SNP,D,Y,1084D>Y,1,1,1.687790947006871,2.0710308756537876,{'china': 1}
24990_24990_REF=C_ALT=T,24990,24990,REF=C,ALT=T,missense_variant,SNP,P,L,1143P>L,1,1,0.054988858275369513,0.0,{'australia': 1}
25006_25006_REF=C_ALT=T,25006,25006,REF=C,ALT=T,synonymous_variant,SNP,F,,1148F,1,1,1.687790947006871,2.0710308756537876,{'china': 1}
25047_25047_REF=C_ALT=T,25047,25047,REF=C,ALT=T,missense_variant,SNP,P,L,1162P>L,1,1,1.687790947006871,2.0710308756537876,{'china': 1}
25209_25209_REF=T_ALT=C,25209,25209,REF=T,ALT=C,missense_variant,SNP,I,T,1216I>T,2,1,1.687790947006871,2.0710308756537876,{'china': 2}
25267_25267_REF=C_ALT=T,25267,25267,REF=C,ALT=T,synonymous_variant,SNP,C,,1235C,1,1,1.687790947006871,2.0710308756537876,{'china': 1}
25382_25382_REF=T_ALT=C,25382,25382,REF=T,ALT=C,stop_lost,SNP,,,,1,1,1.687790947006871,2.0710308756537876,{'china': 1}
25413_25413_REF=C_ALT=T,25413,25413,REF=C,ALT=T,synonymous_variant,SNP,I,,7I,1,1,0.018229812594831685,0.0,{'japan': 1}
25427_25427_REF=C_ALT=T,25427,25427,REF=C,ALT=T,missense_variant,SNP,T,I,12T>I,1,1,0.004261024842520511,0.0,{'spain': 1}
25466_25466_REF=C_ALT=T,25466,25466,REF=C,ALT=T,missense_variant,SNP,P,L,25P>L,1,1,0.015659025255068657,0.0,{'germany': 1}
25563_25563_REF=G_ALT=T,25563,25563,REF=G,ALT=T,missense_variant,SNP,Q,H,57Q>H,3,2,0.007991549948677972,0.0,"{'japan': 1, 'saudi arabia': 2}"
25587_25587_REF=C_ALT=T,25587,25587,REF=C,ALT=T,synonymous_variant,SNP,L,,65L,1,1,0.054988858275369513,0.0,{'australia': 1}
25665_25665_REF=C_ALT=T,25665,25665,REF=C,ALT=T,synonymous_variant,SNP,Y,,91Y,2,1,0.018229812594831685,0.0,{'japan': 2}
25767_25767_REF=G_ALT=T,25767,25767,REF=G,ALT=T,missense_variant,SNP,M,I,125M>I,1,1,1.687790947006871,2.0710308756537876,{'china': 1}
25909_25909_REF=G_ALT=A,25909,25909,REF=G,ALT=A,missense_variant,SNP,D,N,173D>N,1,1,1.687790947006871,2.0710308756537876,{'china': 1}
26144_26144_REF=G_ALT=T,26144,26144,REF=G,ALT=T,missense_variant,SNP,G,V,251G>V,12,4,0.6795689985187817,0.6903436252179292,"{'china': 4, 'thailand': 3, 'singapore': 3, 'italy': 2}"
26326_26326_REF=C_ALT=T,26326,26326,REF=C,ALT=T,synonymous_variant,SNP,L,,28L,1,1,1.687790947006871,2.0710308756537876,{'china': 1}
26447_26447_REF=C_ALT=G,26447,26447,REF=C,ALT=G,missense_variant,SNP,S,C,68S>C,1,1,1.687790947006871,2.0710308756537876,{'china': 1}
26530_26530_REF=A_ALT=G,26530,26530,REF=A,ALT=G,missense_variant,SNP,D,G,3D>G,1,1,0.03673376578771336,0.0,{'lithuania': 1}
26729_26729_REF=T_ALT=C,26729,26729,REF=T,ALT=C,synonymous_variant,SNP,A,,69A,4,1,1.687790947006871,2.0710308756537876,{'china': 4}
26735_26735_REF=C_ALT=T,26735,26735,REF=C,ALT=T,synonymous_variant,SNP,Y,,71Y,2,1,0.0028724186256011146,0.0,{'saudi arabia': 2}
26895_26895_REF=C_ALT=T,26895,26895,REF=C,ALT=T,missense_variant,SNP,H,Y,125H>Y,1,1,0.03724929540808738,0.0,{'thailand': 1}
27261_27261_REF=G_ALT=A,27261,27261,REF=G,ALT=A,synonymous_variant,SNP,R,,20R,1,1,1.687790947006871,2.0710308756537876,{'china': 1}
27272_27272_REF=T_ALT=C,27272,27272,REF=T,ALT=C,missense_variant,SNP,V,A,24V>A,1,1,0.015659025255068657,0.0,{'germany': 1}
27356_27356_REF=T_ALT=C,27356,27356,REF=T,ALT=C,missense_variant,SNP,L,S,52L>S,1,1,1.687790947006871,2.0710308756537876,{'china': 1}
27503_27503_REF=C_ALT=T,27503,27503,REF=C,ALT=T,missense_variant,SNP,S,F,37S>F,2,1,0.018229812594831685,0.0,{'japan': 2}
27615_27615_REF=C_ALT=G,27615,27615,REF=C,ALT=G,synonymous_variant,SNP,V,,74V,1,1,1.687790947006871,2.0710308756537876,{'china': 1}
27669_27669_REF=A_ALT=T,27669,27669,REF=A,ALT=T,missense_variant,SNP,E,D,92E>D,1,1,1.687790947006871,2.0710308756537876,{'china': 1}
27697_27700_REF=CTTA_ALT=C,27697,27700,REF=CTTA,ALT=C,inframe_deletion,Deletion,,,,2,1,0.018229812594831685,0.0,{'japan': 2}
27775_27775_REF=T_ALT=C,27775,27775,REF=T,ALT=C,downstream_gene_variant,SNP,,,,1,1,1.687790947006871,2.0710308756537876,{'china': 1}
27776_27776_REF=T_ALT=G,27776,27776,REF=T,ALT=G,downstream_gene_variant,SNP,,,,1,1,1.687790947006871,2.0710308756537876,{'china': 1}
27777_27777_REF=G_ALT=A,27777,27777,REF=G,ALT=A,downstream_gene_variant,SNP,,,,1,1,1.687790947006871,2.0710308756537876,{'china': 1}
27847_28229_REF=CACTTGAACTGCAAGATCATAATGAAACTTGTCACGCCTAAACGAACATGAAATTTCTTGTTTTCTTAGGAATCATCACAACTGTAGCTGCATTTCACCAAGAATGTAGTTTACAGTCATGTACTCAACATCAACCATATGTAGTTGATGACCCGTGTCCTATTCACTTCTATTCTAAATGGTATATTAGAGTAGGAGCTAGAAAATCAGCACCTTTAATTGAATTGTGCGTGGATGAGGCTGGTTCTAAATCACCCATTCAGTACATCGATATCGGTAATTATACAGTTTCCTGTTTACCTTTTACAATTAATTGCCAGGAACCTAAATTGGGTAGTCTTGTAGTGCGTTGTTCGTTCTATGAAGACTTTTTAGAGTATCAT_ALT=C,27847,28229,REF=CACTTGAACTGCAAGATCATAATGAAACTTGTCACGCCTAAACGAACATGAAATTTCTTGTTTTCTTAGGAATCATCACAACTGTAGCTGCATTTCACCAAGAATGTAGTTTACAGTCATGTACTCAACATCAACCATATGTAGTTGATGACCCGTGTCCTATTCACTTCTATTCTAAATGGTATATTAGAGTAGGAGCTAGAAAATCAGCACCTTTAATTGAATTGTGCGTGGATGAGGCTGGTTCTAAATCACCCATTCAGTACATCGATATCGGTAATTATACAGTTTCCTGTTTACCTTTTACAATTAATTGCCAGGAACCTAAATTGGGTAGTCTTGTAGTGCGTTGTTCGTTCTATGAAGACTTTTTAGAGTATCAT,ALT=C,coding_sequence_variant,Deletion,,,,1,1,1.687790947006871,2.0710308756537876,{'china': 1}
27942_27942_REF=C_ALT=T,27942,27942,REF=C,ALT=T,missense_variant,SNP,H,Y,17H>Y,1,1,0.018229812594831685,0.0,{'japan': 1}
28077_28077_REF=G_ALT=C,28077,28077,REF=G,ALT=C,missense_variant,SNP,V,L,62V>L,4,1,1.687790947006871,2.0710308756537876,{'china': 4}
28144_28144_REF=T_ALT=C,28144,28144,REF=T,ALT=C,missense_variant,SNP,L,S,84L>S,40,8,1.0011803354439144,1.1908427535009278,"{'china': 23, 'japan': 8, 'thailand': 1, 'south korea': 2, 'singapore': 2, 'belgium': 2, 'malaysia': 1, 'australia': 1}"
28145_28145_REF=A_ALT=C,28145,28145,REF=A,ALT=C,missense_variant,SNP,L,F,84L>F,1,1,1.687790947006871,2.0710308756537876,{'china': 1}
28157_28157_REF=T_ALT=C,28157,28157,REF=T,ALT=C,synonymous_variant,SNP,I,,88I,1,1,1.687790947006871,2.0710308756537876,{'china': 1}
28233_28233_REF=G_ALT=A,28233,28233,REF=G,ALT=A,missense_variant,SNP,V,I,114V>I,2,1,1.687790947006871,2.0710308756537876,{'china': 2}
28250_28250_REF=T_ALT=G,28250,28250,REF=T,ALT=G,missense_variant,SNP,D,E,119D>E,1,1,1.687790947006871,2.0710308756537876,{'china': 1}
28253_28253_REF=C_ALT=T,28253,28253,REF=C,ALT=T,synonymous_variant,SNP,F,,120F,1,1,1.687790947006871,2.0710308756537876,{'china': 1}
28253_28254_REF=CA_ALT=C,28253,28254,REF=CA,ALT=C,frameshift_variant,Deletion,,,,1,1,1.687790947006871,2.0710308756537876,{'china': 1}
28305_28305_REF=A_ALT=C,28305,28305,REF=A,ALT=C,missense_variant,SNP,N,T,11N>T,1,1,1.687790947006871,2.0710308756537876,{'china': 1}
28340_28340_REF=T_ALT=C,28340,28340,REF=T,ALT=C,missense_variant,SNP,S,P,23S>P,1,1,1.687790947006871,2.0710308756537876,{'china': 1}
28549_28549_REF=A_ALT=R,28549,28549,REF=A,ALT=R,coding_sequence_variant,SNP,,,,1,1,0.015659025255068657,0.0,{'germany': 1}
28826_28826_REF=C_ALT=T,28826,28826,REF=C,ALT=T,missense_variant,SNP,R,C,185R>C,1,1,1.687790947006871,2.0710308756537876,{'china': 1}
28830_28830_REF=C_ALT=A,28830,28830,REF=C,ALT=A,missense_variant,SNP,S,Y,186S>Y,1,1,1.687790947006871,2.0710308756537876,{'china': 1}
28845_28845_REF=G_ALT=T,28845,28845,REF=G,ALT=T,missense_variant,SNP,R,L,191R>L,1,1,1.687790947006871,2.0710308756537876,{'china': 1}
28854_28854_REF=C_ALT=T,28854,28854,REF=C,ALT=T,missense_variant,SNP,S,L,194S>L,4,2,1.2697579665689205,1.5532731567403406,"{'germany': 1, 'china': 3}"
28867_28867_REF=T_ALT=C,28867,28867,REF=T,ALT=C,synonymous_variant,SNP,T,,198T,2,1,1.687790947006871,2.0710308756537876,{'china': 2}
28878_28878_REF=G_ALT=A,28878,28878,REF=G,ALT=A,missense_variant,SNP,S,N,202S>N,8,4,0.7000470636606437,0.7766365783701703,"{'japan': 3, 'china': 3, 'singapore': 1, 'australia': 1}"
28881_28881_REF=G_ALT=A,28881,28881,REF=G,ALT=A,missense_variant,SNP,R,K,203R>K,3,1,0.015659025255068657,0.0,{'germany': 3}
28882_28882_REF=G_ALT=A,28882,28882,REF=G,ALT=A,synonymous_variant,SNP,R,,203R,3,1,0.015659025255068657,0.0,{'germany': 3}
28883_28883_REF=G_ALT=C,28883,28883,REF=G,ALT=C,missense_variant,SNP,G,R,204G>R,3,1,0.015659025255068657,0.0,{'germany': 3}
28903_28903_REF=G_ALT=C,28903,28903,REF=G,ALT=C,missense_variant,SNP,M,I,210M>I,3,1,0.018229812594831685,0.0,{'japan': 3}
28904_28904_REF=G_ALT=T,28904,28904,REF=G,ALT=T,missense_variant,SNP,A,S,211A>S,3,1,0.018229812594831685,0.0,{'japan': 3}
28912_28912_REF=T_ALT=C,28912,28912,REF=T,ALT=C,synonymous_variant,SNP,N,,213N,2,1,0.018229812594831685,0.0,{'japan': 2}
28961_28961_REF=C_ALT=T,28961,28961,REF=C,ALT=T,missense_variant,SNP,L,F,230L>F,1,1,0.015659025255068657,0.0,{'germany': 1}
29026_29026_REF=T_ALT=C,29026,29026,REF=T,ALT=C,synonymous_variant,SNP,A,,251A,1,1,0.018229812594831685,0.0,{'japan': 1}
29041_29041_REF=G_ALT=C,29041,29041,REF=G,ALT=C,missense_variant,SNP,K,N,256K>N,1,1,1.687790947006871,2.0710308756537876,{'china': 1}
29095_29095_REF=C_ALT=T,29095,29095,REF=C,ALT=T,synonymous_variant,SNP,F,,274F,8,4,0.9065247601037384,1.0355154378268938,"{'japan': 2, 'thailand': 1, 'china': 4, 'singapore': 1}"
29303_29303_REF=C_ALT=T,29303,29303,REF=C,ALT=T,missense_variant,SNP,P,S,344P>S,2,1,1.687790947006871,2.0710308756537876,{'china': 2}
29311_29311_REF=C_ALT=T,29311,29311,REF=C,ALT=T,synonymous_variant,SNP,F,,346F,1,1,0.013194532829488662,0.0,{'canada': 1}
29433_29433_REF=A_ALT=G,29433,29433,REF=A,ALT=G,missense_variant,SNP,K,R,387K>R,3,1,0.018229812594831685,0.0,{'japan': 3}
29449_29449_REF=G_ALT=T,29449,29449,REF=G,ALT=T,synonymous_variant,SNP,V,,392V,2,1,1.687790947006871,2.0710308756537876,{'china': 2}
29555_29555_REF=C_ALT=T,29555,29555,REF=C,ALT=T,upstream_gene_variant,SNP,,,,1,1,1.687790947006871,2.0710308756537876,{'china': 1}
29586_29586_REF=C_ALT=T,29586,29586,REF=C,ALT=T,missense_variant,SNP,P,L,10P>L,2,1,1.687790947006871,2.0710308756537876,{'china': 2}
29640_29640_REF=C_ALT=T,29640,29640,REF=C,ALT=T,missense_variant,SNP,A,V,28A>V,2,1,1.687790947006871,2.0710308756537876,{'china': 2}
29674_29903_REF=GCAATCTTTAATCAGTGTGTAACATTAGGGAGGACTTGAAAGAGCCACCACATTTTCACCGAGGCCACGCGGAGTACGATCGAGTGTACAGTGAACAATGCTAGGGAGAGCTGCCTATATGGAAGAGCCCTAATGTGTAAAATTAATTTTAGTAGTGCTATCCCCATGTGATTTTAATAGCTTCTTAGGAGAATGACAAAAAAAAAAAAAAAAAAAAAAAAAAAAAAAAA_ALT=G,29674,29903,REF=GCAATCTTTAATCAGTGTGTAACATTAGGGAGGACTTGAAAGAGCCACCACATTTTCACCGAGGCCACGCGGAGTACGATCGAGTGTACAGTGAACAATGCTAGGGAGAGCTGCCTATATGGAAGAGCCCTAATGTGTAAAATTAATTTTAGTAGTGCTATCCCCATGTGATTTTAATAGCTTCTTAGGAGAATGACAAAAAAAAAAAAAAAAAAAAAAAAAAAAAAAAA,ALT=G,downstream_gene_variant,Deletion,,,,1,1,0.4273253722046725,0.0,{'singapore': 1}
29734_29734_REF=G_ALT=C,29734,29734,REF=G,ALT=C,downstream_gene_variant,SNP,,,,2,1,0.004261024842520511,0.0,{'spain': 2}
29737_29737_REF=G_ALT=A,29737,29737,REF=G,ALT=A,downstream_gene_variant,SNP,,,,1,1,1.687790947006871,2.0710308756537876,{'china': 1}
29742_29742_REF=G_ALT=A,29742,29742,REF=G,ALT=A,downstream_gene_variant,SNP,,,,7,3,0.7390073052972111,0.8875846609944803,"{'japan': 3, 'china': 3, 'australia': 1}"
29742_29742_REF=G_ALT=T,29742,29742,REF=G,ALT=T,downstream_gene_variant,SNP,,,,1,1,1.687790947006871,2.0710308756537876,{'china': 1}
29774_29774_REF=C_ALT=T,29774,29774,REF=C,ALT=T,downstream_gene_variant,SNP,,,,2,1,0.03724929540808738,0.0,{'thailand': 2}
29796_29903_REF=AAGAGCCCTAATGTGTAAAATTAATTTTAGTAGTGCTATCCCCATGTGATTTTAATAGCTTCTTAGGAGAATGACAAAAAAAAAAAAAAAAAAAAAAAAAAAAAAAAA_ALT=A,29796,29903,REF=AAGAGCCCTAATGTGTAAAATTAATTTTAGTAGTGCTATCCCCATGTGATTTTAATAGCTTCTTAGGAGAATGACAAAAAAAAAAAAAAAAAAAAAAAAAAAAAAAAA,ALT=A,intergenic_variant,Deletion,,,,1,1,0.4273253722046725,0.0,{'singapore': 1}
29802_29903_REF=CCTAATGTGTAAAATTAATTTTAGTAGTGCTATCCCCATGTGATTTTAATAGCTTCTTAGGAGAATGACAAAAAAAAAAAAAAAAAAAAAAAAAAAAAAAAA_ALT=C,29802,29903,REF=CCTAATGTGTAAAATTAATTTTAGTAGTGCTATCCCCATGTGATTTTAATAGCTTCTTAGGAGAATGACAAAAAAAAAAAAAAAAAAAAAAAAAAAAAAAAA,ALT=C,intergenic_variant,Deletion,,,,1,1,0.018229812594831685,0.0,{'japan': 1}
29805_29903_REF=AATGTGTAAAATTAATTTTAGTAGTGCTATCCCCATGTGATTTTAATAGCTTCTTAGGAGAATGACAAAAAAAAAAAAAAAAAAAAAAAAAAAAAAAAA_ALT=A,29805,29903,REF=AATGTGTAAAATTAATTTTAGTAGTGCTATCCCCATGTGATTTTAATAGCTTCTTAGGAGAATGACAAAAAAAAAAAAAAAAAAAAAAAAAAAAAAAAA,ALT=A,intergenic_variant,Deletion,,,,4,1,0.004261024842520511,0.0,{'spain': 4}
29815_29903_REF=ATTAATTTTAGTAGTGCTATCCCCATGTGATTTTAATAGCTTCTTAGGAGAATGACAAAAAAAAAAAAAAAAAAAAAAAAAAAAAAAAA_ALT=A,29815,29903,REF=ATTAATTTTAGTAGTGCTATCCCCATGTGATTTTAATAGCTTCTTAGGAGAATGACAAAAAAAAAAAAAAAAAAAAAAAAAAAAAAAAA,ALT=A,intergenic_variant,Deletion,,,,2,1,0.018229812594831685,0.0,{'japan': 2}
29816_29903_REF=TTAATTTTAGTAGTGCTATCCCCATGTGATTTTAATAGCTTCTTAGGAGAATGACAAAAAAAAAAAAAAAAAAAAAAAAAAAAAAAAA_ALT=T,29816,29903,REF=TTAATTTTAGTAGTGCTATCCCCATGTGATTTTAATAGCTTCTTAGGAGAATGACAAAAAAAAAAAAAAAAAAAAAAAAAAAAAAAAA,ALT=T,intergenic_variant,Deletion,,,,1,1,0.018229812594831685,0.0,{'japan': 1}
29832_29903_REF=TATCCCCATGTGATTTTAATAGCTTCTTAGGAGAATGACAAAAAAAAAAAAAAAAAAAAAAAAAAAAAAAAA_ALT=T,29832,29903,REF=TATCCCCATGTGATTTTAATAGCTTCTTAGGAGAATGACAAAAAAAAAAAAAAAAAAAAAAAAAAAAAAAAA,ALT=T,intergenic_variant,Deletion,,,,1,1,0.018229812594831685,0.0,{'japan': 1}
29835_29903_REF=CCCCATGTGATTTTAATAGCTTCTTAGGAGAATGACAAAAAAAAAAAAAAAAAAAAAAAAAAAAAAAAA_ALT=C,29835,29903,REF=CCCCATGTGATTTTAATAGCTTCTTAGGAGAATGACAAAAAAAAAAAAAAAAAAAAAAAAAAAAAAAAA,ALT=C,intergenic_variant,Deletion,,,,6,1,0.018229812594831685,0.0,{'japan': 6}
29836_29903_REF=CCCATGTGATTTTAATAGCTTCTTAGGAGAATGACAAAAAAAAAAAAAAAAAAAAAAAAAAAAAAAAA_ALT=C,29836,29903,REF=CCCATGTGATTTTAATAGCTTCTTAGGAGAATGACAAAAAAAAAAAAAAAAAAAAAAAAAAAAAAAAA,ALT=C,intergenic_variant,Deletion,,,,8,3,0.6439938895818761,0.7766365783701703,"{'japan': 4, 'china': 3, 'germany': 1}"
29837_29903_REF=CCATGTGATTTTAATAGCTTCTTAGGAGAATGACAAAAAAAAAAAAAAAAAAAAAAAAAAAAAAAAA_ALT=C,29837,29903,REF=CCATGTGATTTTAATAGCTTCTTAGGAGAATGACAAAAAAAAAAAAAAAAAAAAAAAAAAAAAAAAA,ALT=C,intergenic_variant,Deletion,,,,1,1,0.018229812594831685,0.0,{'japan': 1}
29840_29903_REF=TGTGATTTTAATAGCTTCTTAGGAGAATGACAAAAAAAAAAAAAAAAAAAAAAAAAAAAAAAAA_ALT=T,29840,29903,REF=TGTGATTTTAATAGCTTCTTAGGAGAATGACAAAAAAAAAAAAAAAAAAAAAAAAAAAAAAAAA,ALT=T,intergenic_variant,Deletion,,,,1,1,0.015659025255068657,0.0,{'germany': 1}
29841_29841_REF=G_ALT=A,29841,29841,REF=G,ALT=A,intergenic_variant,SNP,,,,1,1,1.687790947006871,2.0710308756537876,{'china': 1}
29841_29903_REF=GTGATTTTAATAGCTTCTTAGGAGAATGACAAAAAAAAAAAAAAAAAAAAAAAAAAAAAAAAA_ALT=G,29841,29903,REF=GTGATTTTAATAGCTTCTTAGGAGAATGACAAAAAAAAAAAAAAAAAAAAAAAAAAAAAAAAA,ALT=G,intergenic_variant,Deletion,,,,1,1,0.018229812594831685,0.0,{'japan': 1}
29843_29903_REF=GATTTTAATAGCTTCTTAGGAGAATGACAAAAAAAAAAAAAAAAAAAAAAAAAAAAAAAAA_ALT=G,29843,29903,REF=GATTTTAATAGCTTCTTAGGAGAATGACAAAAAAAAAAAAAAAAAAAAAAAAAAAAAAAAA,ALT=G,intergenic_variant,Deletion,,,,5,1,0.018229812594831685,0.0,{'japan': 5}
29845_29903_REF=TTTTAATAGCTTCTTAGGAGAATGACAAAAAAAAAAAAAAAAAAAAAAAAAAAAAAAAA_ALT=T,29845,29903,REF=TTTTAATAGCTTCTTAGGAGAATGACAAAAAAAAAAAAAAAAAAAAAAAAAAAAAAAAA,ALT=T,intergenic_variant,Deletion,,,,2,2,0.2227775923997521,0.0,"{'singapore': 1, 'japan': 1}"
29852_29903_REF=AGCTTCTTAGGAGAATGACAAAAAAAAAAAAAAAAAAAAAAAAAAAAAAAAA_ALT=A,29852,29903,REF=AGCTTCTTAGGAGAATGACAAAAAAAAAAAAAAAAAAAAAAAAAAAAAAAAA,ALT=A,intergenic_variant,Deletion,,,,1,1,0.03724929540808738,0.0,{'thailand': 1}
29853_29903_REF=GCTTCTTAGGAGAATGACAAAAAAAAAAAAAAAAAAAAAAAAAAAAAAAAA_ALT=G,29853,29903,REF=GCTTCTTAGGAGAATGACAAAAAAAAAAAAAAAAAAAAAAAAAAAAAAAAA,ALT=G,intergenic_variant,Deletion,,,,2,2,0.22149219872987058,0.0,"{'germany': 1, 'singapore': 1}"
29859_29903_REF=TAGGAGAATGACAAAAAAAAAAAAAAAAAAAAAAAAAAAAAAAAA_ALT=T,29859,29903,REF=TAGGAGAATGACAAAAAAAAAAAAAAAAAAAAAAAAAAAAAAAAA,ALT=T,intergenic_variant,Deletion,,,,4,2,0.011599954137320314,0.0,"{'japan': 2, 'italy': 2}"
29863_29863_REF=A_ALT=T,29863,29863,REF=A,ALT=T,intergenic_variant,SNP,,,,2,1,0.017495657577789193,0.0,{'belgium': 2}
29864_29864_REF=G_ALT=GA,29864,29864,REF=G,ALT=GA,intergenic_variant,Insertion,,,,1,1,0.033158319820342765,0.0,{'south korea': 1}
29865_29903_REF=AATGACAAAAAAAAAAAAAAAAAAAAAAAAAAAAAAAAA_ALT=A,29865,29903,REF=AATGACAAAAAAAAAAAAAAAAAAAAAAAAAAAAAAAAA,ALT=A,intergenic_variant,Deletion,,,,3,1,1.687790947006871,2.0710308756537876,{'china': 3}
29866_29866_REF=A_ALT=G,29866,29866,REF=A,ALT=G,intergenic_variant,SNP,,,,1,1,1.687790947006871,2.0710308756537876,{'china': 1}
29866_29903_REF=ATGACAAAAAAAAAAAAAAAAAAAAAAAAAAAAAAAAA_ALT=A,29866,29903,REF=ATGACAAAAAAAAAAAAAAAAAAAAAAAAAAAAAAAAA,ALT=A,intergenic_variant,Deletion,,,,28,3,1.5691240336729215,1.9231000988213742,"{'china': 26, 'thailand': 1, 'germany': 1}"
29867_29903_REF=TGACAAAAAAAAAAAAAAAAAAAAAAAAAAAAAAAAA_ALT=T,29867,29903,REF=TGACAAAAAAAAAAAAAAAAAAAAAAAAAAAAAAAAA,ALT=T,intergenic_variant,Deletion,,,,1,1,0.018229812594831685,0.0,{'japan': 1}
29868_29868_REF=G_ALT=A,29868,29868,REF=G,ALT=A,intergenic_variant,SNP,,,,1,1,1.687790947006871,2.0710308756537876,{'china': 1}
29868_29884_REF=GACAAAAAAAAAAAAAA_ALT=G,29868,29884,REF=GACAAAAAAAAAAAAAA,ALT=G,intergenic_variant,Deletion,,,,1,1,0.033158319820342765,0.0,{'south korea': 1}
29868_29903_REF=GACAAAAAAAAAAAAAAAAAAAAAAAAAAAAAAAAA_ALT=G,29868,29903,REF=GACAAAAAAAAAAAAAAAAAAAAAAAAAAAAAAAAA,ALT=G,intergenic_variant,Deletion,,,,1,1,0.033158319820342765,0.0,{'south korea': 1}
29870_29870_REF=C_ALT=A,29870,29870,REF=C,ALT=A,intergenic_variant,SNP,,,,2,2,0.8713899026411203,1.0355154378268938,"{'china': 1, 'australia': 1}"
29870_29870_REF=C_ALT=M,29870,29870,REF=C,ALT=M,intergenic_variant,SNP,,,,2,1,0.015659025255068657,0.0,{'germany': 2}
29871_29871_REF=A_ALT=R,29871,29871,REF=A,ALT=R,intergenic_variant,SNP,,,,1,1,0.015659025255068657,0.0,{'germany': 1}
29871_29903_REF=AAAAAAAAAAAAAAAAAAAAAAAAAAAAAAAAA_ALT=A,29871,29903,REF=AAAAAAAAAAAAAAAAAAAAAAAAAAAAAAAAA,ALT=A,intergenic_variant,Deletion,,,,3,3,0.5861703319151352,0.6903436252179292,"{'lithuania': 1, 'china': 1, 'malaysia': 1}"
29871_29903_REF=AAAAAAAAAAAAAAAAAAAAAAAAAAAAAAAAA_ALT=C,29871,29903,REF=AAAAAAAAAAAAAAAAAAAAAAAAAAAAAAAAA,ALT=C,intergenic_variant,Indel,,,,1,1,0.011553292855986703,0.0,{'israel': 1}
29872_29872_REF=A_ALT=T,29872,29872,REF=A,ALT=T,intergenic_variant,SNP,,,,1,1,1.687790947006871,2.0710308756537876,{'china': 1}
29872_29903_REF=AAAAAAAAAAAAAAAAAAAAAAAAAAAAAAAA_ALT=A,29872,29903,REF=AAAAAAAAAAAAAAAAAAAAAAAAAAAAAAAA,ALT=A,intergenic_variant,Deletion,,,,3,2,1.1304136397562703,1.3806872504358585,"{'china': 2, 'germany': 1}"
29873_29873_REF=A_ALT=T,29873,29873,REF=A,ALT=T,intergenic_variant,SNP,,,,1,1,1.687790947006871,2.0710308756537876,{'china': 1}
29873_29903_REF=AAAAAAAAAAAAAAAAAAAAAAAAAAAAAAA_ALT=A,29873,29903,REF=AAAAAAAAAAAAAAAAAAAAAAAAAAAAAAA,ALT=A,intergenic_variant,Deletion,,,,1,1,0.010273503861560602,0.0,{'france': 1}
29876_29876_REF=A_ALT=T,29876,29876,REF=A,ALT=T,intergenic_variant,SNP,,,,1,1,1.687790947006871,2.0710308756537876,{'china': 1}
29877_29877_REF=A_ALT=T,29877,29877,REF=A,ALT=T,intergenic_variant,SNP,,,,1,1,1.687790947006871,2.0710308756537876,{'china': 1}
29877_29903_REF=AAAAAAAAAAAAAAAAAAAAAAAAAAA_ALT=A,29877,29903,REF=AAAAAAAAAAAAAAAAAAAAAAAAAAA,ALT=A,intergenic_variant,Deletion,,,,1,1,0.033158319820342765,0.0,{'south korea': 1}
29878_29878_REF=A_ALT=T,29878,29878,REF=A,ALT=T,intergenic_variant,SNP,,,,1,1,1.687790947006871,2.0710308756537876,{'china': 1}
29879_29879_REF=A_ALT=T,29879,29879,REF=A,ALT=T,intergenic_variant,SNP,,,,1,1,1.687790947006871,2.0710308756537876,{'china': 1}
29881_29881_REF=A_ALT=G,29881,29881,REF=A,ALT=G,intergenic_variant,SNP,,,,1,1,1.687790947006871,2.0710308756537876,{'china': 1}
29882_29882_REF=A_ALT=T,29882,29882,REF=A,ALT=T,intergenic_variant,SNP,,,,1,1,1.687790947006871,2.0710308756537876,{'china': 1}
29882_29903_REF=AAAAAAAAAAAAAAAAAAAAAA_ALT=A,29882,29903,REF=AAAAAAAAAAAAAAAAAAAAAA,ALT=A,intergenic_variant,Deletion,,,,2,1,0.017495657577789193,0.0,{'belgium': 2}
29884_29884_REF=A_ALT=G,29884,29884,REF=A,ALT=G,intergenic_variant,SNP,,,,1,1,1.687790947006871,2.0710308756537876,{'china': 1}
29885_29885_REF=A_ALT=T,29885,29885,REF=A,ALT=T,intergenic_variant,SNP,,,,1,1,1.687790947006871,2.0710308756537876,{'china': 1}
29886_29886_REF=A_ALT=G,29886,29886,REF=A,ALT=G,intergenic_variant,SNP,,,,1,1,1.687790947006871,2.0710308756537876,{'china': 1}
29887_29887_REF=A_ALT=C,29887,29887,REF=A,ALT=C,intergenic_variant,SNP,,,,1,1,1.687790947006871,2.0710308756537876,{'china': 1}
29887_29903_REF=AAAAAAAAAAAAAAAAA_ALT=A,29887,29903,REF=AAAAAAAAAAAAAAAAA,ALT=A,intergenic_variant,Deletion,,,,1,1,0.033158319820342765,0.0,{'south korea': 1}
29891_29903_REF=AAAAAAAAAAAAA_ALT=A,29891,29903,REF=AAAAAAAAAAAAA,ALT=A,intergenic_variant,Deletion,,,,13,3,1.2699495334679958,1.4337906062218528,"{'china': 9, 'singapore': 3, 'thailand': 1}"
29899_29903_REF=AAAAA_ALT=A,29899,29903,REF=AAAAA,ALT=A,intergenic_variant,Deletion,,,,1,1,0.03724929540808738,0.0,{'thailand': 1}
29903_29903_REF=A_ALT=AAAAAAAAAAAAAAAAAAAAAAAAAAAAAAAAAAAAAAAAAAA,29903,29903,REF=A,ALT=AAAAAAAAAAAAAAAAAAAAAAAAAAAAAAAAAAAAAAAAAAA,intergenic_variant,Insertion,,,,1,1,1.687790947006871,2.0710308756537876,{'china': 1}
29903_29903_REF=A_ALT=AAAAAAAAAAAAAAAAAAA,29903,29903,REF=A,ALT=AAAAAAAAAAAAAAAAAAA,intergenic_variant,Insertion,,,,1,1,1.687790947006871,2.0710308756537876,{'china': 1}
